"conversation_id_str","created_at","favorite_count","full_text","id_str","image_url","in_reply_to_screen_name","lang","location","quote_count","reply_count","retweet_count","tweet_url","user_id_str","username"
"1214043628231786497","Tue Jan 07 23:50:10 +0000 2020","0","@roepholic @CH_chotimah @CH_chosimah3 Udah terbukti di Semarang dan Surabaya udah gak banjir lagi akibat penanganan banjirnya yang selaras dengan program pemerintah kalo di Jkt malah bikin program sendiri Naturalisasi lah biopori lah emang gakbener kok masih aja dibela?","1214695753144139776","","roepholic","in","","0","0","0","https://x.com/boloni70/status/1214695753144139776","1324720729","boloni70"
"1214695708088918016","Tue Jan 07 23:49:59 +0000 2020","0","setelah bencana banjir ini mungkin kalian harus berfikir untuk investasi selain beli mobil dan motor. Cobalah beli jetski perahu karet sekoci atau sampan. Untuk investasi jika bulan depan banjir lagi. Ingat banjir salah anda bukan pemerintah gapapa banjir yang penting seiman.","1214695708088918016","","","in","Indonesia","0","0","0","https://x.com/heryhmwn/status/1214695708088918016","2549816658","heryhmwn"
"1212177648677314560","Tue Jan 07 23:18:22 +0000 2020","0","@sdrajat @jokowi @DKIJakarta @aniesbaswedan @dprddkijakarta Wakakaka... Npwp. ? Trus ape lagi no rekening no rumah no celana.... Bencana ga harus di tetapkan pemerintah bung punya tivi tonton berita jangan nonton sinetron togok terus bung penanganan banjir butuh kerja sama antar daerah baru ada solusi ","1214687750156242945","","sdrajat","in","jkt","0","1","0","https://x.com/AWwzago9ZPvhXlL/status/1214687750156242945","1209417630144057344","AWwzago9ZPvhXlL"
"1214683258065059840","Tue Jan 07 23:00:31 +0000 2020","0","karena yg menyababkan banjir bandang Jakarta adalah kiriman air hujan akibat berobahnya ekosistem lahan atau hutan Bogor atau Jabar sehingga perlu adanya kerja sama pemda DKI dgn Jabar atau diambik alih Pemerintah pusat utk kembalikan fungsi lahan atau hutan ","1214683260879437825","","JohanisLiklikw4","in","Maluku, Indonesia","0","1","0","https://x.com/JohanisLiklikw4/status/1214683260879437825","1060716438845968385","JohanisLiklikw4"
"1214681862498471936","Tue Jan 07 22:54:58 +0000 2020","5","Warga Bandar Lampung harap pemerintah antisipasi banjir jelang puncak musim hujan. https://t.co/WuGuZuqXHg","1214681862498471936","","","in","Jakarta, Indonesia","2","0","2","https://x.com/republikaonline/status/1214681862498471936","22126902","republikaonline"
"1214426317728301057","Tue Jan 07 22:48:49 +0000 2020","0","@jr_kw19 Ga serius menangani dan antisipasi banjir jd wajar kalau warga menggugat pemerintah pusat ga dianggap anggaran banjir jg dipotong","1214680313391005696","","jr_kw19","in","","0","0","0","https://x.com/H32l4MB4NG/status/1214680313391005696","186782095","H32l4MB4NG"
"1214674266681040896","Tue Jan 07 22:24:47 +0000 2020","0","Banjir Produk China Pemerintah Ubah Aturan Bea Masuk Barang Impor Lewat e-Commerce https://t.co/EvqUD5Qb6W","1214674266681040896","","","in","","0","0","0","https://x.com/InaKorandotcom/status/1214674266681040896","873549255515840512","InaKorandotcom"
"1214671989580824576","Tue Jan 07 22:15:44 +0000 2020","0","Semua pihak terkait dari Pemerintah Pusat sampai dengan Pemerintah Daerah perlu segera duduk bersama untuk mengatasi musibah banjir . Kasihan rakyat sering menjadi korban dan Negara terus dirugikan . https://t.co/0bsYTHcHjD","1214671989580824576","","","in","Kediri, East Java","0","0","0","https://x.com/mokh_ngisom_msr/status/1214671989580824576","434730300","mokh_ngisom_msr"
"1214668286580772865","Tue Jan 07 22:01:01 +0000 2020","5","Pemerintah pusat dan daerah perlu duduk bersama untuk atasi banjir https://t.co/EmhL4FzQ2O","1214668286580772865","","","in","Jakarta, Indonesia","0","1","2","https://x.com/republikaonline/status/1214668286580772865","22126902","republikaonline"
"1214641857164201988","Tue Jan 07 20:16:00 +0000 2020","1","Banjir yang melanda sebagian Wilayah Kota Pasuruan menggugah Plt. Walikota Pasuruan Raharto Teno Prasetyo ST terjun langsung ke lokasi yang terdampak di dampingi oleh beberapa pejabat terkait serta tim Tagana https://t.co/tJJHxQ5tIZ","1214641857164201988","","","in","Kota Pasuruan, Jawa Timur","0","0","0","https://x.com/pemkot_pasuruan/status/1214641857164201988","953447188130021376","pemkot_pasuruan"
"1214492025065574400","Tue Jan 07 18:36:04 +0000 2020","1","@infoJATIASIH Bagus ini sudah terlalu sering kena banjir dan baru action pemerintah..lelah rasanya mereka kan","1214616708779929600","","infoJATIASIH","in","Bekasi Selatan, Indonesia","0","0","0","https://x.com/stupidjack_NKRI/status/1214616708779929600","2435651744","stupidjack_NKRI"
"1214610313326129152","Tue Jan 07 18:10:39 +0000 2020","0","@null Pemkot Bekasi Sewa 60 Truk Angkut Sampah Sisa Banjir Pemerintah Kota (Pemkot) Be https://t.co/tvF41qlvMr","1214610313326129152","","null","in","","0","0","0","https://x.com/KEZIAAM0UR/status/1214610313326129152","940602434","KEZIAAM0UR"
"1214610282321866753","Tue Jan 07 18:10:32 +0000 2020","0","@null Pemkot Bekasi Sewa 60 Truk Angkut Sampah Sisa Banjir Pemerintah Kota (Pemkot) Be https://t.co/06YANkSJl5","1214610282321866753","","null","in","","0","0","0","https://x.com/GED0NG/status/1214610282321866753","1366355490","GED0NG"
"1214610248968720384","Tue Jan 07 18:10:24 +0000 2020","0","@null Pemkot Bekasi Sewa 60 Truk Angkut Sampah Sisa Banjir Pemerintah Kota (Pemkot) Be https://t.co/tnh7SoOrtb","1214610248968720384","","null","in","","0","0","0","https://x.com/Estr0gen/status/1214610248968720384","1160173274","Estr0gen"
"1214603168035852288","Tue Jan 07 17:42:16 +0000 2020","0","#Repost from andiara_official Ibu Andiara Aprilia Hikmat (Anggota DPD RI) meninjau dan memberikan Bantuan Kepada korban Banjir di Beberapa Titik dikab. Serang Beliau juga berkoordinasi dan meminta pemerintah https://t.co/hsmVRdLZjE","1214603168035852288","","","in","","0","0","0","https://x.com/dpdribanten1/status/1214603168035852288","1139021207985053696","dpdribanten1"
"1214597144201482241","Tue Jan 07 17:26:39 +0000 2020","0","@riniegaskin Hahaha medan banjir pun gpp Gk disalahin pemerintah kok yaaa","1214599237821845509","","riniegaskin","in","Indonesia Bersatu","0","1","0","https://x.com/bukancacingan/status/1214599237821845509","104436875","bukancacingan"
"1214396604003708928","Tue Jan 07 17:19:08 +0000 2020","0","@Bangdoel171 @Tribunnord @Nasamil3 @RizmaWidiono Tergantung penyebab banjirnya klo yg di bandung barat kan penyebanya pembangunan kereta cepat nah kereta cepat kan kebijakan pemerintah pusat jadi kena tuh disitu. Klo yg di Banten kasusnya sama kyk DKI banjir tapi pemda kurang antisipasi.","1214597348803788801","","Bangdoel171","in","Indonesia","0","0","0","https://x.com/fauzieac_h/status/1214597348803788801","65559460","fauzieac_h"
"1214396604003708928","Tue Jan 07 17:11:42 +0000 2020","0","@Bangdoel171 @Tribunnord @Nasamil3 @RizmaWidiono Ga bisa semabarangan bikin bro harus bikin kelompok minimal 10 org harus jelas kasusnya apa kerugian yg diderita dengan bukti2 yg akurat. Mknya td sy bilang kasus yg paling pas buat class action pemerintah pusat yaitu banjir di bandung barat sorry td slh sebut purwakarta https://t.co/3ihojlBReq","1214595476353241088","https://pbs.twimg.com/media/ENscJFsVUAEUvww.jpg","Bangdoel171","in","Indonesia","0","1","0","https://x.com/fauzieac_h/status/1214595476353241088","65559460","fauzieac_h"
"1214591206241361920","Tue Jan 07 16:54:44 +0000 2020","0","Ini beneran asik diikutin kalau jadi warga korban banjir mau class action gugat pemerintah","1214591206241361920","","","in","","0","0","0","https://x.com/NTCHNDR/status/1214591206241361920","153348249","NTCHNDR"
"1214396604003708928","Tue Jan 07 16:53:40 +0000 2020","0","@Bangdoel171 @Tribunnord @Nasamil3 @RizmaWidiono Betul itu class action bisa juga buat pemerintah pusat banjir di purwakarta itu kasus yg pas buat ngajuin class action ke pemerintah pusat. Blm lg banjir yg di toll penyebabnya sama karena pembangunan kereta cepat .","1214590938758053889","","Bangdoel171","in","Indonesia","0","1","0","https://x.com/fauzieac_h/status/1214590938758053889","65559460","fauzieac_h"
"1214590189865037825","Tue Jan 07 16:50:41 +0000 2020","4","pemerintah masih saling salahin aja nih masalah banjir kemarin? coba itu cek kebijakan masing2 deh udh berpihak ke lingkungan ga sih","1214590189865037825","","","in","Laut","0","0","0","https://x.com/___jingga___/status/1214590189865037825","893994071718453248","___jingga___"
"1214586171088465920","Tue Jan 07 16:34:43 +0000 2020","0","Warga aja udh pada gerah dengan kelakuannya asal tabrak perda dg pergub. Gimana mau atasin banjir kalo kerjaannya ngelawan pemerintah pusat #4niesHancurkanJakarta https://t.co/qcN4UNOh8r","1214586171088465920","","","in","DKI Jakarta, Indonesia","0","0","0","https://x.com/justl154/status/1214586171088465920","1097911867236704257","justl154"
"1214181333875879939","Tue Jan 07 16:19:10 +0000 2020","0","@jatengmembaca banjir 4 penjuru normalisasi blom maksimal blum ada gebrakan dan keseriusan dr pemerintah setempat untuk mengantisipasi banjir","1214582254954958848","","jatengmembaca","in","Nomaden","0","0","0","https://x.com/mr_mamatto/status/1214582254954958848","88552157","mr_mamatto"
"1214581207154987014","Tue Jan 07 16:15:00 +0000 2020","8","Mendikbud Nadiem Makarim menyatakan akan mempercepat rehabilitasi sekolah yang terdampak bencana banjir dan hujan deras. Koordinasi dengan kementerian PUPR dan Pemerintah Daerah segera dilakukan menyusul banyaknya sekolah yang rusak. https://t.co/Tmbb5iuCAR https://t.co/pFShztDANJ","1214581207154987014","https://pbs.twimg.com/amplify_video_thumb/1214462140376961024/img/9BJWLrtWPa9wKkjk.jpg","","in","Indonesia","0","0","1","https://x.com/CNNIDdaily/status/1214581207154987014","3306771829","CNNIDdaily"
"1214404006505676800","Tue Jan 07 15:52:31 +0000 2020","0","@ILCtv1 @karniilyas Knp ga bahas Banjir DKI Akibat Kebodohan Anies ? Pro @aniesbaswedan ya? Semua org jg tahu @karniilyas tidak Professional sebagai Media sering terlihat banget anti Pemerintah seharusnya Media itu NETRAL.. makanya anda sdh tua sdh waktunya PENSIUN.","1214575549848252417","","ILCTalkshow","in","","0","0","0","https://x.com/sitiA98006455/status/1214575549848252417","977039538269794305","sitiA98006455"
"1214546727941935104","Tue Jan 07 15:13:04 +0000 2020","11","@jokowi Pemerintah bahkan tak pernah meneliti secara serius (setidaknya yang kami amati) soal trend dan bentuk kerusakan wilayah hulu tersebut. Tetiba curah hujan tinggi yg menyebabkan banjir lalu para penambang ilegal tampak menjadi satu-satunya pihak yang disalahkan.","1214565623847518209","","jatamnas","in","Indonesia","1","1","13","https://x.com/jatamnas/status/1214565623847518209","165334272","jatamnas"
"1214535356273610752","Tue Jan 07 15:09:14 +0000 2020","0","@detikcom Iya banjir juga nyusahin kan yg salah pemerintah juga daaahh","1214564656364187652","","detikcom","in","","0","0","0","https://x.com/gabutG4buT/status/1214564656364187652","741641991264468992","gabutG4buT"
"1214561919777927169","Tue Jan 07 15:08:46 +0000 2020","0","@infoJATIASIH Mitigasi bencana banjir idealnya dilakukan secara paralel oleh pemerintah masyarakat dan individu sendiri. Dan yg terpenting jangan hanya ingat mitigasi bencana banjir saat musim hujan saja . #BudayaSadarBencana #SiapUntukSelamat","1214564541855518726","","infoJATIASIH","in","Bogor - Bekasi","0","1","1","https://x.com/kp2c_info/status/1214564541855518726","805774628899536896","kp2c_info"
"1214562475695206402","Tue Jan 07 15:00:34 +0000 2020","0","Pemerintah Kota (Pemkot) Cirebon bertekad untuk meminimalisasi ancaman risiko banjir sekaligus mempersiapkan pertolongan jika banjir melanda wilayahnya. Untuk itu seluruh satuan kerja perangkat daerah (SKPD) https://t.co/9myeot0Ysr","1214562475695206402","","","in","","0","0","0","https://x.com/GrageSurya/status/1214562475695206402","1174169440012918784","GrageSurya"
"1214562418526801923","Tue Jan 07 15:00:20 +0000 2020","0","Banjir Jakarta Kombinasi Perubahan Iklim dan Ketidakcakapan Pemerintah https://t.co/aTwyjhlUOy https://t.co/gFaUgNmJM2","1214562418526801923","https://pbs.twimg.com/media/ENr-FRyU8AEfU6s.jpg","","in","Surakarta, Jawa Tengah","0","0","0","https://x.com/Joglosemarnews/status/1214562418526801923","949224511508955136","Joglosemarnews"
"1214557220731404291","Tue Jan 07 14:39:41 +0000 2020","0","Daripada setiap banjir nyalahin pemerintah yuk berubah mulai dari diri sendiri. Yang cewe jangan buang softex di comberan yang cowok jangan buang kondom di got kalo abis ngeue.","1214557220731404291","","","in","Jakarta sinian dikit","0","0","0","https://x.com/rawkvicky/status/1214557220731404291","354105890","rawkvicky"
"1214555501406507015","Tue Jan 07 14:32:51 +0000 2020","0","Gugatan banjir kalo ditujukan hanya kepada Prov DKI Jakarta sy yakin 100% kalah. Karena pengelolaan 13 sungai ada ditangan pemerintah pusat. Jd mestinya yg diguguat Pemerintah Pusat khususnya Kemen PUPR.","1214555501406507015","","","in","Indonesia","0","0","0","https://x.com/31Zahid/status/1214555501406507015","462686481","31Zahid"
"1214554129621643271","Tue Jan 07 14:28:57 +0000 2020","6","Saat ini pun pemerintah pusat terus fokus pada tanggap bencana guna memastikan korban bencana banjir bisa selamat dan terpenuhi kebutuhannya. Baca berita lebih lengkapnya di https://t.co/asiDqAuFKs https://t.co/TDhMaoSs1x","1214554517968015360","https://pbs.twimg.com/media/ENr24y-UcAAgHj1.jpg","kemenkopmk","in","Jakarta","0","0","1","https://x.com/kemenkopmk/status/1214554517968015360","2461082029","kemenkopmk"
"1214462876959703040","Tue Jan 07 14:23:16 +0000 2020","1","@abahnyanong @aniesbaswedan Tim Hukum Pimprov Jabar juga harus siap.. ..... Korban Banjir Bekasi Bakal Tempuh Class Action Gugat Pemerintah https://t.co/4Gh0ceUNFz","1214553090554073088","","10dua_kang","in","Indonesia","1","0","0","https://x.com/10dua_kang/status/1214553090554073088","997970789117804544","10dua_kang"
"1214551342775013376","Tue Jan 07 14:16:20 +0000 2020","0","Bagus ide masyarakat menggugat pemerintah DKI trutama si GUB goblok ini malas bekerja terutama dlm naturalisasi&amp;normalisasi ANIES 2 thn tdk melakukan apa2 nyawa puluhan org sia2.Warga Bekasi Berencana Ajukan Class Action Tuntut Ganti Rugi Akibat Banjir https://t.co/7XJBe9Ur21","1214551342775013376","","","in","","0","0","1","https://x.com/wiliam999/status/1214551342775013376","1201774921686192128","wiliam999"
"1214462876959703040","Tue Jan 07 14:14:19 +0000 2020","0","@abahnyanong @aniesbaswedan Grak cepat Pemprov DKI Antisipasi Potensi Gugatan Class Action Banjir Pemerintah Provinsi DKI Jakarta telah mmbahas antisipasi adanya potensi pengajuan gugatan perwakilan kelompok (class action lawsuit) terkait banjir pada 1 Januari 2020 oleh masyarakat https://t.co/3X8F2kzSel","1214550836803555328","","Fw_fa_h","in","Indonesia","0","1","0","https://x.com/10dua_kang/status/1214550836803555328","997970789117804544","10dua_kang"
"1213612611759046657","Tue Jan 07 13:59:06 +0000 2020","0","@nvrfchrn @Ten272Le @Zudis5 @permadiaktivis @ustadtengkuzul @aniesbaswedan Jkt banjir lo heboh sebutin sebelum anies siapa gubernur sebelum nya apa pas hujan jkt ga banjir? Warga bekasi juga kebanjiran mereka ga nyalahin pemerintah cma d jkt bykan yg bacot ngeluh kerja kaga","1214547007697641472","","nvrfchrn","in","Sao Paulo, Brazil","0","3","0","https://x.com/xputrye/status/1214547007697641472","1211035437046697984","xputrye"
"1214546121923743744","Tue Jan 07 13:55:35 +0000 2020","0","Seandainya penelitian membuktikan bahwa Sumber masalah banjir adalah tanah sudah di selimuti Plastik Kristal karena penggunaan Pupuk / racun kimia. Yg berarti Sumber masalahnya adalah Perusahaan. Maukah Pemerintah menuntut tanggung jawab perusahaan?","1214546121923743744","","","in","","0","0","0","https://x.com/__o000BlockL0c/status/1214546121923743744","1151347875873378307","__o000BlockL0c"
"1214545071564972034","Tue Jan 07 13:51:24 +0000 2020","0","Jas Hujan 10 ribuan Cukup Menutup Duka Banjir Tanah Longsor Karena Kelalaian Pemerintah Penegakan Hukum Mlindungi Lingkungan Hidup","1214545071564972034","","","in","Jakarta-Indonesia","0","0","0","https://x.com/SudirmanAsun/status/1214545071564972034","214415020","SudirmanAsun"
"1214544130614775809","Tue Jan 07 13:47:40 +0000 2020","1","Udah bertahun-tahun banjir. Upaya preventif-represif yang udah dimulai baik scr konsep maupun eksekusi berujung ke puncaknya di awal tahun 2020 dimana warga ampe udh mau class action-in pemerintah nya. Smg dijadiin pelajaran ya negeriku. bljr hukum juga ya yg dituntut duit siapa","1214544130614775809","","","in","","0","2","0","https://x.com/week_prob/status/1214544130614775809","2320171268","week_prob"
"1214502567096438784","Tue Jan 07 13:46:44 +0000 2020","1","@CNNIndonesia menurut saya jika pemerintah mau fokus soal penanggulangan banjir d prov jabar terutama kab. bogor dananya tdk sebanyak buat ibu kota yg baru itupun klo pemerintah kita cerdas dan tanggap .. bgaiman dgn DPR apa mampu desak pemerintah utk menormalisasi wil prov jabar ..","1214543895561826304","","CNNIndonesia","in","","0","1","0","https://x.com/Saifulh98310859/status/1214543895561826304","1172402519739228162","Saifulh98310859"
"1214511760599744513","Tue Jan 07 13:31:07 +0000 2020","0","@Alwatziqhtebil1 @VIVAcoid Jokowi sudah maksimal atasi banjir jakarta dengan dibangun waduk sukamahi dan ciawi. Jika buka jokowi gak yakin wacana pembuatan waduk akan dikerjakan pemerintah pusat. Soal kemacetan jokowi bangun MRT LRT dan tol layang Japek. Semua gak bisa cepat.","1214539967579312128","","Alwatziqhtebil1","in","","0","2","0","https://x.com/opiktobas/status/1214539967579312128","1542613622","opiktobas"
"1214511760599744513","Tue Jan 07 13:29:33 +0000 2020","1","@JohanIkmal @RetnoSungkono @VIVAcoid Warga DKI sdh mual &amp; muntah lihat Pemerintah daerahnya no action to preventif banjir lahirlah PETISI bro'","1214539570374594561","","JohanIkmal","in","","0","4","0","https://x.com/hst_piece/status/1214539570374594561","1131916159484252161","hst_piece"
"1214539155046187008","Tue Jan 07 13:27:54 +0000 2020","0","Silaturahim &amp; penyampaian bantuan kpd warga masy di Wilayah RT 004 RW 006 Kel. Sawangan Kec. Sawangan Depok yg mngalami banjir luapan Kali Pesanggrahan. Turut hadir pd acara ini Forkopimka Kec. Sawangan &amp; Ibu Syafa Illiyin SE MM Staf Ahli DPR-RI salah satu korban bencana https://t.co/gDvieGFXUI","1214539155046187008","https://pbs.twimg.com/media/ENro5TnUUAE-dFT.jpg","","in","","0","0","0","https://x.com/KecSawangan/status/1214539155046187008","1193354572149821440","KecSawangan"
"1214536195864244224","Tue Jan 07 13:16:08 +0000 2020","0","Presiden: Pemerintah Siapkan Opsi Relokasi Korban Banjir Bandang di Lebak https://t.co/gK2akwYEP4","1214536195864244224","","","in","","0","0","0","https://x.com/ssnetberita/status/1214536195864244224","1211551956579151875","ssnetberita"
"1214396604003708928","Tue Jan 07 13:10:05 +0000 2020","0","@RizmaWidiono Hahaha udah loe sendiri yang buang sampah sembarangan . banjir kok salahin pemerintah. Intropeksi diri lah","1214534672983584769","","RizmaWidiono","in","","0","0","0","https://x.com/Ainichubyy/status/1214534672983584769","1210285325030871040","Ainichubyy"
"1214530966527643649","Tue Jan 07 12:55:21 +0000 2020","0","Giat antisipasi bencana banjir aman nusa 2020 simulisasi bersama selasa 07-01-2020 tempat posko di batuan lokasi sungai kebenagung. Unsur yg terlibat BPBD tagana tni polres dinas kesehatan dan pemerintah https://t.co/nsztullBPl","1214530966527643649","","","in","Sumenep, Jawa Timur","0","0","0","https://x.com/SumenepTagana/status/1214530966527643649","1110864761032310787","SumenepTagana"
"1214394586463784961","Tue Jan 07 12:54:29 +0000 2020","0","@jokowi Semoga banjir bandang dapat di atasi dan tdk terulang dan pemerintah mempunyai solusi","1214530748293632003","","jokowi","in","Morwali utara, Sulteng","0","0","0","https://x.com/efli761/status/1214530748293632003","1078195611000664064","efli761"
"1214529847604785157","Tue Jan 07 12:50:55 +0000 2020","21","Dadan berharap dengan adanya class action ini pemerintah mengganti kerugian warga yang diderita akibat banjir. https://t.co/38zGtxhTkK","1214529847604785157","","","in","","5","8","4","https://x.com/detikcom/status/1214529847604785157","69183155","detikcom"
"1214529094466949120","Tue Jan 07 12:47:55 +0000 2020","0","Haduuhh jgn begitu lah banjir bukan karena kesalahan pemerintah atau gubernur tapi masyarakatnya yg tidak bisa menjaga kebersihan dan selalu membuang sampah sembarangan huuuu","1214529094466949120","","","in","","0","0","0","https://x.com/atlassmack/status/1214529094466949120","264890187","atlassmack"
"1214520886687981568","Tue Jan 07 12:22:22 +0000 2020","2","@komikazer @LBH_Jakarta Efek konpers LBH soal banjir yang ngelist tanggungjawab pemerintah pusat dianggap netizen sebagai manuver bela Anies doang padahal peran dan tanggungjawab pemprov juga dijelasin di situ biasa lah bang heueheue","1214522665634947072","","komikazer","in","","0","1","1","https://x.com/jolayjali/status/1214522665634947072","49294004","jolayjali"
"1214522466875240448","Tue Jan 07 12:21:35 +0000 2020","1","Seseorang di TV: Ini bukan waktunya untuk mencari siapa yang salah ini waktunya kita untuk saling membantu menangani banjir Orang yang sama: Sungai di Jakarta itu bukan tanggung jawab Pemkot Jakarta tapi pemerintah pusat Saya yang nontong hanya bisa tepok jidat.","1214522466875240448","","","in","","0","1","0","https://x.com/xiongma_o/status/1214522466875240448","354285581","xiongma_o"
"1213367474004955137","Tue Jan 07 12:17:34 +0000 2020","1","@baybarnabas @Ndrews1162011 @Qshareina @sandalista1789 @AlfiraCahyo @msaid_didu @gm_gm @psi_id Bahkan menteri PUPR harus turun tangan bantu DKI soal Pompa air sungguh memalukan ngecek pompa pun harus andalkan Pemerintah pusat Antisipasi Banjir Lanjutan Menteri Basuki Perbaiki Semua Pompa Air yang Rusak - Bisnis https://t.co/38PxB1G4vf https://t.co/w0SNtIBJh4","1214521456945594368","","","in","Indonesia","1","1","1","https://x.com/avatarcs999/status/1214521456945594368","29736707","avatarcs999"
"1214521395436146689","Tue Jan 07 12:17:20 +0000 2020","0","Menjadi korban banjir memanglah tidak ringan. Banyak yg hilang dan rusak. Butuh biaya tinggi untuk memulihkannya. Pantaslah krn putus asa lantas muncul gugatan ke pemerintah.","1214521395436146689","","","in","Banten","0","0","0","https://x.com/kongkokongko/status/1214521395436146689","207792655","kongkokongko"
"1214477311044546560","Tue Jan 07 12:13:57 +0000 2020","3","@My_LoveNebe @fadlizon @bangzul_88 @PantunJ2P @KonsepKreatif @YRadianto @KakekHalal @cintada17 @ALMARONI3 @NannyAlexendry JURU NYINYIR @fadlizon Mana suaranya bela Rakyat yg terkena banjir. CUIIIHHH Giliran ke pemerintah lgsg baca puisi Nyinyir paling depan @bangzul_88 @PantunJ2P @KonsepKreatif @YRadianto @KakekHalal @cintada17 @ALMARONI3 @NannyAlexendry https://t.co/RSWrzfm9f3","1214520544894185472","https://pbs.twimg.com/media/ENrX_nzU4AAh1gX.jpg","EnyLove_1","in","Kota Surabaya, Jawa Timur","0","0","1","https://x.com/GOODFATHER_71/status/1214520544894185472","750705269332545536","GOODFATHER_71"
"1214518689963208707","Tue Jan 07 12:06:35 +0000 2020","0","@SBYudhoyono minta kepeduliannya atas banjir yang membuat menurunnya kepercayaan mary.pada pemerintah.","1214518689963208707","","SBYudhoyono","in","","0","0","0","https://x.com/DAdehambali/status/1214518689963208707","1179729526642733056","DAdehambali"
"1214517753387745280","Tue Jan 07 12:05:41 +0000 2020","0","@fullmoonfolks Poin awalnya ttg cuitan LBH ttg penanganan banjir oleh pemerintah.. terkesan membela pemprov DKI.","1214518466503299075","","fullmoonfolks","in","Denpasar Selatan, Indonesia","0","1","0","https://x.com/PeterUdayana/status/1214518466503299075","323105748","PeterUdayana"
"1214489567157346305","Tue Jan 07 12:04:07 +0000 2020","6","@jokowi Ratusan truk mengangkut kayu dan pasir tiap malam menuju Tangerang sekian tahun itu lewat jalan raya dan semua orang melihat pemerintah diam saja Setelah banjir dan longsor rakyat yg di salahkan dan jadi korban","1214518069348823040","","jokowi","in","","0","1","0","https://x.com/ajipurwiantoro3/status/1214518069348823040","928407715776315392","ajipurwiantoro3"
"1214497625182855169","Tue Jan 07 12:03:55 +0000 2020","3","@FerdinandHaean2 Pertanyaan saya yg korban banjir hanya di Jakarta??Ada apa ini dgn LBH koq hanya Jakarta yg diperhatikan daerah lain jg banjir lebih parah korban lebih banyak LBH mingkem ingat gugatannya hrs dua pihak yaitu pemprov DKI dan pemerintah pusat utk di Jabar jelas siapa yg hrs digugat","1214518022246813697","","JojoBetako","in","","0","0","0","https://x.com/JojoBetako/status/1214518022246813697","1012324503588782082","JojoBetako"
"1214517104935886848","Tue Jan 07 12:00:17 +0000 2020","2","Pemerintah Provinsi DKI Jakarta mengaku tengah menaturalisasi lima waduk untuk mengatasi banjir https://t.co/m6AIQUHHzH Cari berita lain? Silahkan klik disini https://t.co/etgqSfoIwQ https://t.co/jMxOGYdZxo","1214517104935886848","https://pbs.twimg.com/media/ENrU3vBXsAEFKMO.jpg","","in","Jakarta, Indonesia","0","0","0","https://x.com/Yahoo_ID/status/1214517104935886848","68945667","Yahoo_ID"
"1214390194859728897","Tue Jan 07 11:54:20 +0000 2020","2","@reykdjavik @dindasavirad @infomalang Ayo a rek kutone dijogo masio pendatang utowo wong asli malang. Saiki malang wes keroso bedone ngkok lek wes mulai banjir banyu seret seng disalahno pemerintah","1214515608059924481","","reykdjavik","in","","0","0","0","https://x.com/panttherrr/status/1214515608059924481","1183035310369722369","panttherrr"
"1214513099534848002","Tue Jan 07 11:44:22 +0000 2020","0","Just wanna say kardus bukan solusi banjir itu bantuan sementara. Solusi banjir? Diskusi publik dengan aparat pemerintah terkait berikan aksi tagih janji dan semua teratasi.","1214513099534848002","","","in","Indonesia","0","0","0","https://x.com/amls05/status/1214513099534848002","134722159","amls05"
"1214511324601827328","Tue Jan 07 11:37:18 +0000 2020","99","Bagi yang sedang menimbang2 utk class action banjir yuk cek kewajiban pemerintah dan hak masyarakat terkait penanggulangan bencana:","1214511324601827328","","","in","Jakarta","0","2","50","https://x.com/elisa_jkt/status/1214511324601827328","44556194","elisa_jkt"
"1214510661314592769","Tue Jan 07 11:34:40 +0000 2020","0","Pas banjir teriak paling keras pemerintah kerjanya ngapain aja sih tapi di jalan banyak sampah.","1214510661314592769","","","in","","0","0","0","https://x.com/raflanss/status/1214510661314592769","1159551873092734976","raflanss"
"1214509247276257280","Tue Jan 07 11:29:03 +0000 2020","11","Pemerintah Kabupaten Gresik mengirim sejumlah peralatan penanggulangan banjir salah satunya mobil amfibi keluaran terbaru di dekat lokasi terdampak banjir https://t.co/KdHqZeT0tS","1214509247276257280","","","in","Indonesia","0","0","0","https://x.com/tempodotco/status/1214509247276257280","18129942","tempodotco"
"1214508245869445121","Tue Jan 07 11:25:04 +0000 2020","6","Banjir Awal Tahun Bulog Gelontorkan 53 Ton Beras CBP https://t.co/oS9bjqM69S JAKARTA -- BUMN Pangan Perum Bulog melakukan penyaluran beras dari stok cadangan beras pemerintah (CBP) yang tersimpan di gudang.. https://t.co/rQMFczV2c3 https://t.co/wgyT5BAOoC","1214508245869445121","https://pbs.twimg.com/media/ENrMyuYUYAEh0e_.png","","in","Indonesian, Jakarta","0","0","3","https://x.com/PerumBULOG/status/1214508245869445121","160794283","PerumBULOG"
"1214506442188656640","Tue Jan 07 11:17:54 +0000 2020","14","Kemnaker mendirikan Posko Kesehatan dan memberikan bantuan paket sembako bagi warga yang terkena musibah banjir sebagai wujud kepedulian pemerintah kepada korban bencana banjir. Selengkapnya simak video berikut dan jangan lupa subscribe: https://t.co/uDmfZe5uy8","1214506442188656640","","","in","www.goo.gl/maps/B7uJW3NksVv","0","0","4","https://x.com/KemnakerRI/status/1214506442188656640","409757397","KemnakerRI"
"1214505770504425474","Tue Jan 07 11:15:14 +0000 2020","0","Smart Listener Pemerintah Provinsi DKI Jakarta siap menghadapi gugatan dari warga terkait banjir yang dialami ibukota. Kepala Biro Hukum Pemerintah Provinsi DKI Jakarta Yayan Yuhana... https://t.co/RDHJNdZmyg","1214505770504425474","","","in","Sei Petani 36 Medan Indonesia","0","0","0","https://x.com/smartfm_medan/status/1214505770504425474","352149181","smartfm_medan"
"1214503360075911168","Tue Jan 07 11:05:40 +0000 2020","0","RT infoJATIASIH Korban Banjir Bekasi Bakal Tempuh Class Action Gugat Pemerintah https://t.co/FooyrObtdC ","1214503360075911168","","","in","Jatiasih","0","0","0","https://x.com/infoJ4T14S1H/status/1214503360075911168","2259738085","infoJ4T14S1H"
"1214503219612782592","Tue Jan 07 11:05:06 +0000 2020","6","Presiden Jokowi mengatakan untuk korban banjir dan longsor di Kecamatan Sukajaya Kabupaten Bogor yang ditinjau Selasa pagi tadi 7 Januari 2019 akan diberi bantuan penuh oleh pemerintah pusat. Baca selengkapnya klik https://t.co/gVjl7cBy7n #NewsOne #JokoWidodo #KorbanBanjir https://t.co/bPPw3XMtI2","1214503219612782592","https://pbs.twimg.com/media/ENrIPd4W4AAtEFa.jpg","","in","Pulo Gadung, Indonesia","1","0","0","https://x.com/tvOneNews/status/1214503219612782592","55507370","tvOneNews"
"1214399847744172033","Tue Jan 07 11:03:33 +0000 2020","0","@muhsyahril88 @omsenangyaa @ubayalvarez11 @karniilyas Itu juga bagus... Lagian juga mo di bersih2 sama erik tohir juga.. Pemerintah mau menangani udah keluar fitnah2.. Justru yg gerah itu yg ngluarin fitnah. Banjir juga penting. Itu masalah nyawa ..","1214502827667513345","","muhsyahril88","in","Kota Surabaya, Jawa Timur","0","3","0","https://x.com/jokoelfaris/status/1214502827667513345","831139908852920321","jokoelfaris"
"1214455444439068672","Tue Jan 07 11:02:59 +0000 2020","0","@narkosun Ogah..!! Gugatan sia-sia.. banjir Jabodetabek tanggung jawab pemerintah pusat dan daerah..!! #AniesFokusKerja","1214502686155952128","","narkosun","in","Kesultanan Mataram Islam","0","0","0","https://x.com/Ki_SetanKober/status/1214502686155952128","1178953743124979712","Ki_SetanKober"
"1214501951544733702","Tue Jan 07 11:00:04 +0000 2020","9","#UmustKnow Sobat Kokolaverz Menanggulangi banjir di kota Tokyo &amp; kota besar lainnya di Jepang pemerintah Jepang telah menyiapkan drainase bawah tanah luar kota yg dijuluki G-Cans. Ini mrupakan Drainase bawah tanah terbesar di dunia #kokolabekalperjalanan #biskuitkokolahalal https://t.co/wZvOWfdiVK","1214501951544733702","https://pbs.twimg.com/media/ENrHFqAX0AAxZ1N.jpg","","in","Gresik, Indonesia","0","2","5","https://x.com/biskuit_kokola/status/1214501951544733702","1016846400","biskuit_kokola"
"1214498560667877376","Tue Jan 07 10:46:35 +0000 2020","1","Kota Bekasi Selasa (7/1/20) Kegiatan K3 Tanggap Darurat Bencana pasca banjir di beberapa wilayah Kota Bekasi. Seluruh aparatur Pemerintah Kota Bekasi bersama unsur terkait turun langsung membantu korban banjir dengan mengangkut sampah akibat banjir serta membersihkan jalan. https://t.co/EL4N5POrtZ","1214498560667877376","https://pbs.twimg.com/media/ENrD_1GVAAISVlj.jpg","","in","","0","0","0","https://x.com/distarubekasi/status/1214498560667877376","1026757331608952833","distarubekasi"
"1214497507419443201","Tue Jan 07 10:42:24 +0000 2020","0","Banjir Jadi Warisan LIPI: Pemerintah Baru Sadar 12 Tahun Lalu https://t.co/gpfRerv5oV","1214497507419443201","","","in","JKT-INA","0","0","0","https://x.com/20detik/status/1214497507419443201","598959076","20detik"
"1214493976243212288","Tue Jan 07 10:28:22 +0000 2020","4","Hujan dan Segala Kemungkinan Ini merupakan hal wajar yang memang terjadi dalam sebuah negara. Peran warga negara menjadi penting dalam usaha menuntut pemerintah untuk segera menyelesaikan masalah seperti banjir https://t.co/kPqpNQAIjh","1214493976243212288","","","in","DKI Jakarta, Indonesia","0","0","4","https://x.com/the_geotimes/status/1214493976243212288","2366754955","the_geotimes"
"1214490387852582912","Tue Jan 07 10:22:15 +0000 2020","0","@hafizh97 Nanti giliran banjir yg disalahin pemerintah akwokwok","1214492434815545344","","hafizh97","in","DKI Jakarta, Indonesia","0","1","0","https://x.com/cshynnamon/status/1214492434815545344","938383694","cshynnamon"
"1214492393392820225","Tue Jan 07 10:22:05 +0000 2020","3","Pemerintah Beri Rp 500 Ribu Per Bulan Bagi Korban Banjir https://t.co/THm4Ay2Y9o","1214492393392820225","","","in","Jakarta","0","0","0","https://x.com/liputan6dotcom/status/1214492393392820225","47596019","liputan6dotcom"
"1214492025065574400","Tue Jan 07 10:20:37 +0000 2020","2","Korban Banjir Bekasi Bakal Tempuh Class Action Gugat Pemerintah https://t.co/DZDRRYX0G2","1214492025065574400","","","in","Jatiasih, Bekasi","0","3","3","https://x.com/infoJATIASIH/status/1214492025065574400","249006027","infoJATIASIH"
"1214490762290847744","Tue Jan 07 10:15:36 +0000 2020","0","DKI Jabar Banten area hulu dan hilir masing-masing punya tugas terkait banjir. Bekerjasama dengan Pemerintah Pusat kita akan lihat secara obyektif upaya dan hasilnya. Bagaimana itikad kerjasama program dan https://t.co/eT1YBmqYK2","1214490762290847744","","","in","Jakarta - NKRI","0","1","0","https://x.com/poskokemuning/status/1214490762290847744","2556128918","poskokemuning"
"1214489510488104961","Tue Jan 07 10:10:38 +0000 2020","0","Dari Yogya Tanggapi Banjir Jakarta Presiden Jokowi: Tiga Langkah Pemerintah Pusat dan Pemerintah Provinsi Bekerjasama Tanggulangi Banjir https://t.co/7kl5vyoGkK #JokowiMembangunIndonesia #BersamaIndonesiaMaju #SDMUnggulIndonesia https://t.co/YpSWndLW3s","1214489510488104961","https://pbs.twimg.com/media/ENq7o3zUYAIjQSX.jpg","","in","Yogyakarta, Indonesia","0","0","0","https://x.com/infogibranID/status/1214489510488104961","983281439452966912","infogibranID"
"1214489369056141319","Tue Jan 07 10:10:04 +0000 2020","0","Menko PMK Muhadjir Effendy berterima kasih kepada pemerintah daerah karena menangani banjir-tanah longsor dengan baik. https://t.co/se5HrCV6NI","1214489369056141319","","","in","","0","0","1","https://x.com/kumparan/status/1214489369056141319","759692754985242625","kumparan"
"1214486869364428802","Tue Jan 07 10:00:08 +0000 2020","10","Di wilayah DKI Jakarta sejumlah masyarakat melakukan gugatan bersama kepada pemerintah provinsi DKI Jakarta atas musibah banjir ini yang terjadi di awal tahun 2020 ini. Saksikan #HOTROOMMETROTV Banjir Menyambut Warga Menuntut hari Selasa (7/1) LIVE pukul 20.05 WIB di Metro TV. https://t.co/QdS38TXlx7","1214486869364428802","https://pbs.twimg.com/ext_tw_video_thumb/1214485828921155584/pu/img/jgrx29BBDulQ1VlL.jpg","","in","","0","1","3","https://x.com/Metro_TV/status/1214486869364428802","57261519","Metro_TV"
"1214486835348545537","Tue Jan 07 10:00:00 +0000 2020","0","Pemerintah @jabarprovgoid tak tinggal diam melihat musibah banjir karena baru saja memberikan bantuan kepada korban terdampak banjir di @pemkotbekasi. https://t.co/dTHcpaZDNf @humasjabar #BanjirBekasi #Bantuan2M #KorbanBanjir","1214486835348545537","","","in","Jakarta Capital Region","0","0","0","https://x.com/PingPointID/status/1214486835348545537","1016858721056522240","PingPointID"
"1214024053314347008","Tue Jan 07 09:59:00 +0000 2020","0","@VIVAcoid Banjir itu bencana kenapa Gubernur di salahkan dari dulu memang Jakarta selalu langganan banjir jadi kalian sebagai warga Jakarta sudah sadari bahawa Permasalahan Jakarta adalah banjir di musim hujan jadi jangan terlalu menyalakan pemerintah/gubernur pak Anies","1214486585661521920","","VIVAcoid","in","Jayapura","0","0","0","https://x.com/Denis73048995/status/1214486585661521920","1151789020218720256","Denis73048995"
"1212701357729169409","Tue Jan 07 09:49:34 +0000 2020","0","@Fahrihamzah banjir bukan kelalaian pemerintah tapi karna masih ada rakyat / maayarakat yg buang sampah sembarangan tidak memelihara selokan agar tdak ada smpah .. dll.. selain itu hanya Allah yg dapat mengatur air periksa Al-qur'an surah Hud ayat 44","1214484210724962304","","Fahrihamzah","in","","0","0","0","https://x.com/rienyimoet/status/1214484210724962304","110655082","rienyimoet"
"1214483117450260480","Tue Jan 07 09:45:13 +0000 2020","0","Info dari @RadioElshinta Menerangkan bahwa Mentri PMK &amp; pemerintah pusat mengapresiasi 3 gubernur yg terdampak Banjir Jabar DKI Banten Alhamdulillah selamat bekerja bapak2 semuanya @aniesbaswedan @ridwankamil @banten_prov #banjir2020 #BanjirJabodetabek #banjirbanten","1214483117450260480","","","in","","0","0","0","https://x.com/polri_tni/status/1214483117450260480","1181345410348044288","polri_tni"
"1213797931939057666","Tue Jan 07 09:38:26 +0000 2020","0","@ganjarpranowo Apapun usaha kita... Tentunya masih kalah dengan keinginan ALLAH.. penting pemerintah sudah mengupayakan bagaimana biar gak terjadi banjir.","1214481407872880640","","ganjarpranowo","in","","0","0","0","https://x.com/hj_mico/status/1214481407872880640","1213657490589548546","hj_mico"
"1214481046873530368","Tue Jan 07 09:37:00 +0000 2020","1","Tanpa #solusi pemerintah rakyat terpaksa cari solusi lain )-: #banjir #banjirJakarta @RizmaWidiono #videolucu https://t.co/L9upf4wcR6","1214481046873530368","https://pbs.twimg.com/ext_tw_video_thumb/1214310007572795393/pu/img/oBZV-Wow3cU29wmH.jpg","","in","","0","0","0","https://x.com/ani_nyebar/status/1214481046873530368","1177240460294684673","ani_nyebar"
"1214480769529208834","Tue Jan 07 09:35:54 +0000 2020","0","Pasca banjir dan longsor yang melanda di sejumlah daerah di Jabodetabek sebanyak 12 Pemerintah Daerah menetapkan status tanggap darurat. #DaerahTanggapDarurat","1214480769529208834","","","in","indonesia","0","1","0","https://x.com/LamanKita_/status/1214480769529208834","1533146886","LamanKita_"
"1214479172719923202","Tue Jan 07 09:29:33 +0000 2020","0","Sinergi Pemda Dengan Pemerintah Pusat Melalui Status Tanggap Darurat Untuk Korban Bencana Banjir dan Longsor. #DaerahTanggapDarurat https://t.co/XSJZA6iVCz","1214479172719923202","https://pbs.twimg.com/media/ENqyV3ZVUAAVGd2.png","","in","Jakarta","0","0","0","https://x.com/IndonesiaRAW/status/1214479172719923202","221726566","IndonesiaRAW"
"1214478800936787968","Tue Jan 07 09:28:04 +0000 2020","0","Ter-untuk kalian yang mempermasalahkan banjir dijakarta terjadi karena ke-tidak becusan pemerintah-pemerintah yang terkait. Tolong di baca lalu renungkan.","1214478800936787968","","","in","location unknown","0","1","0","https://x.com/willykhonguan/status/1214478800936787968","1144270219222777856","willykhonguan"
"1214477880819900416","Tue Jan 07 09:24:25 +0000 2020","0","Persoalkan Banjir Haidar Alwi Kritik Pejabat Pemerintah https://t.co/X0p0voJcjH https://t.co/9y1FtYDduu","1214477880819900416","https://pbs.twimg.com/media/ENqxMllXkAAAIbt.jpg","","in","DKI Jakarta, Indonesia","0","0","0","https://x.com/TribunAsiaCom/status/1214477880819900416","995951577805438976","TribunAsiaCom"
"1214477311044546560","Tue Jan 07 09:22:09 +0000 2020","210","Kaos bikin sendiri Mug bikin sendiri Mana suaranya bela Rakyat yg terkena banjir. @FadliZon CUIIIHHH Giliran ke pemerintah lgsg baca puisi Nyinyir paling depan @bangzul_88 @PantunJ2P @KonsepKreatif @YRadianto @KakekHalal @cintada17 @ALMARONI3 @NannyAlexendry https://t.co/PPhXgjzlGE","1214477311044546560","https://pbs.twimg.com/media/ENqwqO9U4AAUTaH.jpg","","in","Ankara, Türkiye","26","92","80","https://x.com/EnyLove_1/status/1214477311044546560","309095282","EnyLove_1"
"1214469871125184512","Tue Jan 07 08:52:35 +0000 2020","262","Dulu LBH Jakarta kritis terhadap Jokowi. LBH Jakarta jadi penanggung jawab aksi cor kaki yg meninggal dunia saat demo Ganjar P. Ketika banjir Jakarta yg disebabkan kebodohan Anies Lagi LBH Jakarta menyalahkan pemerintah pusat. Ada apa dengan LBH Jakarta? #Gugat4niesGantiRugi https://t.co/U7GyUNWcik","1214469871125184512","https://pbs.twimg.com/media/ENqp369VUAA8Q9z.jpg","","in","","12","58","141","https://x.com/03__nakula/status/1214469871125184512","1101696077147729920","03__nakula"
"1214467025910693889","Tue Jan 07 08:41:17 +0000 2020","8","Pemerintah Kota Bekasi Jawa Barat mencatat sebanyak sembilan orang tewas dan 3.955 terserang penyakit pada saat banjir maupun pascabanjir https://t.co/IWdYdGhSXQ","1214467025910693889","","","in","Indonesia","2","1","4","https://x.com/tempodotco/status/1214467025910693889","18129942","tempodotco"
"1214466468336635904","Tue Jan 07 08:39:04 +0000 2020","1","Pemerintah Kota Bekasi mengklaim sekitar 1.500 ton sampah banjir diangkut setiap hari ke TPA Sumur Batu. Hal ini menyebabkan TPA nyaris overcapacity. https://t.co/vgKAAzqmzs","1214466468336635904","","","in","Jakarta","0","0","0","https://x.com/kompascom/status/1214466468336635904","23343960","kompascom"
"1214462870336888833","Tue Jan 07 08:36:17 +0000 2020","0","Dalam inisiatif tanggap darurat banjir ini Gojek telah resmi bekerjasama dengan pemerintah Provinsi DKI serta badan-badan terkait seperti Badan Penanggulangan Bencana Nasional (BNPB) dan Badan Penanggulangan Bencana Daerah (BPBD).","1214465766960947201","","SemutMerah007","in","Sukabumi, Indonesia","0","0","0","https://x.com/SemutMerah007/status/1214465766960947201","915558925134467072","SemutMerah007"
"1214463993382920192","Tue Jan 07 08:29:14 +0000 2020","0","#News: Pemerintah Pusat dan DKI Harus Duduk Bersama Atasi Banjir https://t.co/IJotGHaupW","1214463993382920192","","","in","Jakarta Selatan","0","0","0","https://x.com/SenayanInfo/status/1214463993382920192","2393755579","SenayanInfo"
"1214401965645414401","Tue Jan 07 08:26:01 +0000 2020","0","@CH_chotimah Kasihan ya.. Urusan komplain banjir dan macet kok dikaitkan sm ras.. Pemerintah punya tugas berat spy rasisme ga ada lagi di negara kita yg punya semboyan Bhinneka Tunggal Ika.","1214463186348335104","","ChusnulCh__","in","Jakarta Capital Region, Indone","0","0","0","https://x.com/Evikusuma14/status/1214463186348335104","1067883881007767552","Evikusuma14"
"1214461260005171202","Tue Jan 07 08:18:22 +0000 2020","13","Pemerintah Provinsi DKI Jakarta memiliki segudang alat berat untuk mendukung upaya penanganan banjir. Pengelolaan rumah-rumah pompa beserta kelengkapannya di aliran tengah barat dan timur pun didukung anggaran yang tak kecil. #banjirjakarta #banjir2020 https://t.co/yrsuf7i7Fp","1214461260005171202","https://pbs.twimg.com/media/ENqiEJVU0AA9Gn3.jpg","","in","Jakarta Capital Region","1","1","8","https://x.com/PrasetyoEdi_/status/1214461260005171202","1088295819617267713","PrasetyoEdi_"
"1214460179657285632","Tue Jan 07 08:14:05 +0000 2020","36","Karena keselamatan dan keamanan rakyat adalah bukti berfungsinya lembaga pemerintah. Untuk itu Presiden @jokowi turun langsung ke daerah-daerah terdampak banjir agar fungsi lembaga pemerintahan berkerja optimal. #utas @fadjroeL @PedomanNEWS https://t.co/rqovr9z9KD","1214460179657285632","https://pbs.twimg.com/ext_tw_video_thumb/1214459926208110593/pu/img/G760cKF2NbUkSSiD.jpg","","in","DKI Jakarta - Indonesia","0","1","5","https://x.com/PEDOMAN_id/status/1214460179657285632","142217629","PEDOMAN_id"
"1214459260844859393","Tue Jan 07 08:10:26 +0000 2020","0","Penanganan Pasca Banjir Gubernur Banten Bakal Bahas dengan Pemerintah Pusat https://t.co/kQl61B1GDY https://t.co/DkoE3BfW6E","1214459260844859393","https://pbs.twimg.com/media/ENqgQwkX0AA2zOy.jpg","","in","","0","0","0","https://x.com/MediaHaluan/status/1214459260844859393","1111475227119091713","MediaHaluan"
"1214067585622265856","Tue Jan 07 08:06:37 +0000 2020","0","@Takviri @LBH_Jakarta Untuk Polisi Udara Jakarta LBH Jakarta gugat Presiden Menteri dan 3 Gubernur. Saya yakin semua pihak pemerintah yang lalai dan mengakibatkan dampak banjir akan digugat juga. https://t.co/kKUgoU5oS0","1214458303398334464","","Takviri","in","","0","0","0","https://x.com/bangattar/status/1214458303398334464","53635660","bangattar"
"1214451378321408000","Tue Jan 07 07:52:28 +0000 2020","0","Saat ini sudah ada gerakan dari sejumlah pengacara untuk menempuh langkah hukum bersama para korban yang hendak mengajukan gugatan perdata terhadap pemerintah. LBH Jakarta pun telah membuka posko pengaduan masalah banjir.","1214454739766661120","","LBHMasyarakat","in","Jakarta, Indonesia","0","1","0","https://x.com/LBHMasyarakat/status/1214454739766661120","2383383211","LBHMasyarakat"
"1214454126165118976","Tue Jan 07 07:50:01 +0000 2020","1","Presiden mengimbau kepada seluruh jajaran pemerintah daerah mulai dari tingkat desa agar terus waspada terhadap kemungkinan bencana. Terutama mengingat puncak musim hujan masih akan berlangsung sampai bulan depan. #banjir https://t.co/rU1Sr3fYCC","1214454126165118976","https://pbs.twimg.com/media/ENqbkiWVAAEeBx9.jpg","","in","Indonesia","0","0","0","https://x.com/Abeng_babel/status/1214454126165118976","240728066","Abeng_babel"
"1214451378321408000","Tue Jan 07 07:47:48 +0000 2020","0","Sehubungan dengan banyaknya aduan yang masuk kepada LBHM terkait call to action untuk kasus banjir ini LBHM memandang bahwa sangat memungkinkan warga yang menjadi korban banjir untuk menempuh langkah hukum guna meminta pertanggungjawaban pemerintah.","1214453569077694469","","LBHMasyarakat","in","Jakarta, Indonesia","0","1","2","https://x.com/LBHMasyarakat/status/1214453569077694469","2383383211","LBHMasyarakat"
"1214452713125105665","Tue Jan 07 07:44:24 +0000 2020","617","BRIKING NYUUUS Setelah dikumpulkan seluruh data mobil yang terseret banjir awal 2020 Pemerintah memastikan tidak ada satupun Mobil Esemka yang jadi korban dalam fenomena dahsyat itu. Kebanyakan mobil Jepang dan sebagian Eropa. Kualitas menjadi taruhannya. ","1214452713125105665","","","in","London, England","15","62","159","https://x.com/BangPino__/status/1214452713125105665","1132425764622675969","BangPino__"
"1214451378321408000","Tue Jan 07 07:41:43 +0000 2020","0","Manusia memang tidak bisa mengendalikan alam dan cuaca. Tapi pemerintah memiliki tanggung jawab mengurus tata kota dan melakukan segala daya upaya untuk mencegah terjadinya banjir dan meminimalisir dampak curah hujan yang tinggi.","1214452034289618944","","LBHMasyarakat","in","Jakarta, Indonesia","0","1","3","https://x.com/LBHMasyarakat/status/1214452034289618944","2383383211","LBHMasyarakat"
"1214450973030023168","Tue Jan 07 07:37:30 +0000 2020","2","Pemda harusnya sigap dgn bahaya yg mengintai masyarakat. Menjadi pertanyaan apa kerja Pemda sehingga hal ini bisa terjadi ??? MIRIIIISSS... Tak Perlu Tunggu Pemerintah Warga 3 Desa di Kulon Progo Gotong Royong Bangun Tanggul Antisipasi Banjir Bandang https://t.co/8T7sJ9h1sT","1214450973030023168","","","in","","0","0","0","https://x.com/Kana59060567/status/1214450973030023168","1190022539986137088","Kana59060567"
"1214433193740255232","Tue Jan 07 07:32:57 +0000 2020","1","@WagimanDeep Itu banjir DKI tgl 1 Jan'2020 kemarin hujan loksal Wil.Jadetabek. Orang bego bisa ter-bahak2 pak TGUPP-ANIS. Hujan lokal DKI minta pemerintah pusat tangkap air di Bogor.MUMET GUA.","1214449830384111621","","WagimanDeep","in","","0","0","0","https://x.com/Rfadlis1/status/1214449830384111621","948751735392120832","Rfadlis1"
"1214435884629495809","Tue Jan 07 06:37:32 +0000 2020","0","Rumah Korban Banjir Belum Layak Dihuni Pemerintah Beri Uang Tunggu Rp500.000 per KK https://t.co/CAlwligaSj","1214435884629495809","","","in","Indonesia","0","0","0","https://x.com/merdekadotcom/status/1214435884629495809","456426648","merdekadotcom"
"1214431378474856448","Tue Jan 07 06:25:51 +0000 2020","0","Untuk mendukung penanggulangan bencana banjir dan pasca banjir di Jakarta Grab melakukan penandatanganan kerja sama strategis bersama pemerintah DKI Jakarta.","1214432944938528769","","Zoulidiya_LZ","in","","0","1","0","https://x.com/Zoulidiya_LZ/status/1214432944938528769","1161922900938510336","Zoulidiya_LZ"
"1214431827328286724","Tue Jan 07 06:21:25 +0000 2020","23","Menanggapi banjir Kali Lamong yang tak kunjung ada penyelesaian dari pihak pemerintah. Beberapa komponen pemuda yang tergabung dalam aliansi pemudagresik selatan akan menggelar aksi solidaritas turun ke jalan menuntut normalisasi Kali Lamong #TuntaskanBanjir Gresik selatan. https://t.co/RAqAhNPKZB","1214431827328286724","https://pbs.twimg.com/ext_tw_video_thumb/1214431763507769344/pu/img/j-zn1vhxTLIIDXZK.jpg","","in","Gresik, East Java, Indonesia","1","1","1","https://x.com/infoGRESIK/status/1214431827328286724","210024744","infoGRESIK"
"1214431378474856448","Tue Jan 07 06:19:38 +0000 2020","0","Dukung Pemerintah DKI Jakarta Ojek Online Sebarkan Informasi Soal Banjir https://t.co/ocd41HE37l","1214431378474856448","","","in","","0","1","0","https://x.com/Zoulidiya_LZ/status/1214431378474856448","1161922900938510336","Zoulidiya_LZ"
"1214430314539278336","Tue Jan 07 06:15:24 +0000 2020","2","@pemkotdepok mengikuti Rapat Koordinasi Penanganan Bencana Banjir Dan Longsor di @kemenkopmk 07/01/2020 https://t.co/5dSMP8IQ4W","1214430314539278336","https://pbs.twimg.com/media/ENqF6hoVAAEt3wX.jpg","pemkotdepok","in","Gedung Balai Kota Depok","0","0","0","https://x.com/pemkotdepok/status/1214430314539278336","130723905","pemkotdepok"
"1214430212051496961","Tue Jan 07 06:15:00 +0000 2020","0","Puluhan warga di Lebak Banten panik karena isu banjir bandang. Warga trauma oleh banjir sebelumnya dan berharap pemerintah menyediakan sumber informasi bencana. Saksikan selengkapnya di kanal YouTube Buletin iNews! https://t.co/am7BxCxkDL #GTVNews #BuletiniNewsSiang #Banjir2020 https://t.co/Siq5YSQKwH","1214430212051496961","https://pbs.twimg.com/amplify_video_thumb/1214418791242665984/img/zt0-ZJF5ZonY3odi.jpg","","in","Jakarta, Indonesia","0","0","1","https://x.com/GTVID_News/status/1214430212051496961","543264218","GTVID_News"
"1214424416089595904","Tue Jan 07 05:51:58 +0000 2020","2","Natal Oikumene 2019 Karolin Ajak Masyarakat Doakan Korban banjir Di Jawa. @Kalbar_Update @BNPB_Indonesia @DKIJakarta @kabarkatolik @KabarKristen @BPBDJakarta @LandakUpdate @infolandak #pemkablandak #kabupatenlandak #landakhebat #nataloikumenelandak #BanjirJabodetabek https://t.co/dZ6b5VgkjH","1214424416089595904","https://pbs.twimg.com/media/ENqAikeU0AAchf4.jpg","","in","Ngabang","0","0","0","https://x.com/Pemkab_Landak/status/1214424416089595904","1089028908341551104","Pemkab_Landak"
"1214421773212516353","Tue Jan 07 05:41:28 +0000 2020","0","#GubernurTerbodoh dari dulu tinggal meneruskan normalisasi dan kerjasama dgn pemerintah pusat dampak banjir pasti lebih rendah. #4niesLayakDimakzulkan","1214421773212516353","","","in","","0","0","0","https://x.com/VredeAarde/status/1214421773212516353","866525187172257792","VredeAarde"
"1214415599876526081","Tue Jan 07 05:29:14 +0000 2020","0","@AnakLolina Anggota TGUPP bentukan si Wan Aibon banjir ini berlagak lebih pandai dari pada pemerintah pusat tetapi hanya berlagak doang kalau kerja tak bisa Lebih banyak Narasi dari pada Aksi sama seperti junjungan yang bodoh itu Wan Aibon Banjir","1214418697227423744","","","in","","0","1","0","https://x.com/Feryans14432158/status/1214418697227423744","1093904730860937219","Feryans14432158"
"1214417770655305728","Tue Jan 07 05:25:33 +0000 2020","0","Untuk atasi banjir susulan di Jkt saat puncak musim penghujan Feb- Mar 4nies hrs rendah hati &amp; turunkan EGO kepemimpinannya dgn cara menjalin koordinasi &amp; komunikasi lbh baik dgn Pemerintah Pusat. Demi kepentingan seluruh warga Jkt #Gugat4niesGantiRugi https://t.co/GP4iFwGS6H","1214417770655305728","","","in","Sumatera Barat","0","0","0","https://x.com/indonesiawow45/status/1214417770655305728","1035553643284426752","indonesiawow45"
"1214399847744172033","Tue Jan 07 05:22:45 +0000 2020","0","@karniilyas ILC selanjutnya : banjir awal thn 2020 di jabodetabek urusan pemerintah pusat atau pemprov dki sekailan undang mantan gub dki yg bilang kalo jadi presiden lebih gampang atasi banjir","1214417063873146881","","karniilyas","in","","0","0","0","https://x.com/irwananca/status/1214417063873146881","196062672","irwananca"
"1214014387368804352","Tue Jan 07 05:20:41 +0000 2020","0","@thecameon @Paltiwest @aniesbaswedan @permadiaktivis @kurawa saya tdk ada kata2 menyalahkan pendapat anda tpi saya bingung inj arah pembicaraannya kemana? krn ini bivara ttg kebijakan yg pemerintah buat mengatasi banjir yg ada bukan bicara mengenai lubang ","1214416545910157312","","BigTogarrr","in","semarang city, indonesia","0","2","0","https://x.com/BigTogarrr/status/1214416545910157312","420583652","BigTogarrr"
"1214416276199600130","Tue Jan 07 05:19:37 +0000 2020","0","Pemerintah Provinsi DKI Jakarta telah membahas potensi gugatan perwakilan kelompok (class action lawsuit) terkait banjir pada 1 Januari 2020 oleh masyarakat. Cc @DKIJakarta https://t.co/CyGkUSDlH3","1214416276199600130","","","in","Kembangan, Indonesia","0","0","0","https://x.com/ceknricekcom_id/status/1214416276199600130","145511335","ceknricekcom_id"
"1214396346272083969","Tue Jan 07 05:02:01 +0000 2020","1","@CH_chotimah Betul udah jelas kelalaian pemerintah daerah DKI mengantisipasi banjir #Gugat4niesGantiRugi","1214411846259601408","","ChusnulCh__","in","Jakarta Capital Region, Indone","0","0","0","https://x.com/vinaulia24/status/1214411846259601408","968676655194451968","vinaulia24"
"1214407825197322240","Tue Jan 07 04:46:02 +0000 2020","4","Pemprov DKI Jakarta Siap Hadapi Gugatan Warga Soal #Banjir https://t.co/UcPAuT1aIw #DKIJakarta #AniesKerjaNyata #AniesDatangIndonesiaSenang Kepala Biro Hukum Pemerintah Provinsi DKI Jakarta Yayan Yuhana menyatakan bahwa gugatan ialah hak setiap orang.","1214407825197322240","","","in","Jakarta Selatan, DKI Jakarta","0","0","0","https://x.com/kebijakananies/status/1214407825197322240","977751401051799552","kebijakananies"
"1214399847744172033","Tue Jan 07 04:36:28 +0000 2020","0","@armansyah_40 @Mijiantoliveco1 @karniilyas Semua harus bekerja sama... Pemerintah pusat sudah memberikan pandangan dan solusi mengatasi banjir.. Tetapi kalo gubernurnya egonya tinggi dan sulit bekerja sama maka rakyat yg jadi korban. Hadeh.....","1214405415837949953","","armansyah_40","in","Kota Surabaya, Jawa Timur","0","1","0","https://x.com/jokoelfaris/status/1214405415837949953","831139908852920321","jokoelfaris"
"1214404742593622016","Tue Jan 07 04:33:47 +0000 2020","0","Pemerintah Pusat dan DKI Harus Duduk Bersama Atasi Banjir https://t.co/9LlgOZvEKF","1214404742593622016","","","in","Jakarta, Indonesia","0","0","0","https://x.com/SINDOnewsMetro/status/1214404742593622016","2596010161","SINDOnewsMetro"
"1214402920621297664","Tue Jan 07 04:32:19 +0000 2020","0","@rezawiraisyi dari sisi pemerintah harus ada penataan lahan (menurut kaca mata awam gw sih) mana lokasi yang bisa dibangun jadi destinasi wisata mana yang harus steril jadi kawasan konservasi (hutan + area penyerapan air) karena beberapa tahun terakhir banjir udah jadi isu juga di bandung","1214404370407686144","","kucingbesar90","in","dunia maia","0","1","0","https://x.com/kucingbesar90/status/1214404370407686144","118346546","kucingbesar90"
"1214402191319920645","Tue Jan 07 04:23:39 +0000 2020","0","Sejumlah warga Jakarta korban banjir pada 1 Januari 2020 akan menggugat Pemerintah Provinsi DKI Jakarta secara perdata di pengadilan. Rencana gugatan difasilitasi Tim Advokasi Korban Banjir DKI Jakarta 2020. #Gugat4niesGantiRugi https://t.co/YzEhmFNrpf","1214402191319920645","","","in","[Jan Sagan Katokan Polbek]","0","0","0","https://x.com/SutanSantiang/status/1214402191319920645","1024101006","SutanSantiang"
"1214402036780765185","Tue Jan 07 04:23:02 +0000 2020","6","Pemerintah Kota Bekasi mengerahkan hampir 300 truk untuk mengangkut sampah banjir yang masih menumpuk di berbagai perumahan ke TPA Sumur Batu. https://t.co/W48DqlQtDm","1214402036780765185","","","in","Jakarta","0","0","3","https://x.com/kompascom/status/1214402036780765185","23343960","kompascom"
"1214397485059198978","Tue Jan 07 04:22:42 +0000 2020","3","@ApriliaLin Sabar yaa.... Tim balkot di bawah asuhan gabener gabecus yg didampingi Tim Garong Uang Pemerintah Provinsi sedang baru mau akan mempersiapkan rapat utk membuat analisis rencana penanggulangan dampak bencana banjir.","1214401951321841665","","ApriliaLin","in","Indonesia","0","1","1","https://x.com/Ari3Pras/status/1214401951321841665","4200694752","Ari3Pras"
"1214401681238052864","Tue Jan 07 04:21:37 +0000 2020","0","Penanggulangan Banjir tak kan berhenti sampai kapanpun kalau pemerintah gak berani buat sungai baru tol bisa kita buat kenapa sungai tidak dibuat","1214401681238052864","","","in","Sukorejo, Indonesia","0","0","0","https://x.com/Agussaman13/status/1214401681238052864","910839592504324096","Agussaman13"
"1214400052589776896","Tue Jan 07 04:15:09 +0000 2020","0","Dewan Perwakilan Rakyat Daerah DKI Jakarta bakal menginisiasi pertemuan antara pemerintah pusat dan daerah untuk penanggulangan banjir di wilayah Jabodetabek https://t.co/NbLGAoimFu","1214400052589776896","","","in","Indonesia","0","0","0","https://x.com/tempodotco/status/1214400052589776896","18129942","tempodotco"
"1214399345379819520","Tue Jan 07 04:12:21 +0000 2020","0","Pemerintah Pusat dan DKI Harus Duduk Bersama Atasi Banjir https://t.co/w18WfJJXZo","1214399345379819520","","","in","Jakarta","0","0","0","https://x.com/GusDinSurabaya/status/1214399345379819520","1023173417804021760","GusDinSurabaya"
"1214372219704315904","Tue Jan 07 04:09:34 +0000 2020","5","@elisa_jkt Banyak warga pemilik pagar rumah tinggi males ketika diajak kerja bakti lingkungan. Giliran banjir nyalahin pemerintah!","1214398646201962496","","elisa_jkt","in","DKI Jakarta, Indonesia","0","2","0","https://x.com/bepejeel/status/1214398646201962496","465415972","bepejeel"
"1214396768785293312","Tue Jan 07 04:02:06 +0000 2020","38","Untuk atasi banjir susulan di Jkt saat puncak musim penghujan Feb- Mar 4nies hrs rendah hati &amp; turunkan EGO kepemimpinannya dgn cara menjalin koordinasi &amp; komunikasi lbh baik dgn Pemerintah Pusat. Demi kepentingan seluruh warga Jkt #Gugat4niesGantiRugi https://t.co/X6O1CVgMiX","1214396768785293312","","","in","Indonesia","4","11","20","https://x.com/Vincent_Frizz/status/1214396768785293312","943829985281765377","Vincent_Frizz"
"1214394260289548288","Tue Jan 07 03:52:08 +0000 2020","0","Pemerintah Pusat dan DKI Harus Duduk Bersama Atasi Banjir https://t.co/XhdTFdj6ZG","1214394260289548288","","","in","Indonesia","0","0","0","https://x.com/SINDOevent/status/1214394260289548288","1579994600","SINDOevent"
"1214350939563278336","Tue Jan 07 03:39:36 +0000 2020","0","@TirtoID Semoga dengan banjir kmrn dan rubuhnya bangunan di Jakarta bisa buat melek pemerintah kalo Amdal dan IMB TIDAK BOLEH DIHAPUSKAN.","1214391105980006400","","TirtoID","in","Indonesia","0","0","0","https://x.com/hutamicho/status/1214391105980006400","572420830","hutamicho"
"1214386492258152450","Tue Jan 07 03:21:16 +0000 2020","0","Apapun alasannya harus mengakui bahwa bencana banjir merupakan kelalaian pemerintah. Pemerintah mana? Real aja...","1214386492258152450","","","in","Kota Manado, Sulawesi Utara","0","0","0","https://x.com/Everly90717729/status/1214386492258152450","1111239966409908236","Everly90717729"
"1214176280733614080","Tue Jan 07 03:14:18 +0000 2020","0","@DeBe44297057 @RaufAcha @jokowi Antisipasi dan mitigasi banjir NOL BESAR. Sudah di wanti pemerintah pusat berkali-kali gubernur DKI justru sibuk bongkar pasang trotoar atap JPO ngecat jalur sepeda.","1214384737046781953","","","in","DKI Jakarta, Indonesia","0","0","0","https://x.com/Rioarianto999/status/1214384737046781953","1121412004776779776","Rioarianto999"
"1214383124701835264","Tue Jan 07 03:07:53 +0000 2020","0","Pemerintah Provinsi @DKIJakarta telah membahas antisipasi adanya potensi pengajuan gugatan perwakilan kelompok (class action lawsuit) terkait banjir pada 1 Januari 2020 loleh masyarakat. https://t.co/xknFXXf49o","1214383124701835264","","","in","Jakarta","0","0","0","https://x.com/ivooxid/status/1214383124701835264","745849790332805121","ivooxid"
"1214072210832285696","Tue Jan 07 03:01:27 +0000 2020","1","@VIVAcoid Setiap orang tahun banjir terjadi.. Cma thn ini memang beda... Soalnya ada buzzer yang ikut main mempolitisir banjir.. Jg pemerintah pusat yg kesannya kayak menyalahkan pemprov... #AniesKerjaNyata #prayforJAKARTA #perlutahu #AniesFokusKerja #AniesBaswedan","1214381506036039680","","VIVAcoid","in","Tasikmalaya ","0","0","0","https://x.com/76498e9b1bd14b0/status/1214381506036039680","3301348801","76498e9b1bd14b0"
"1214346341607886849","Tue Jan 07 02:54:50 +0000 2020","2","@alexander_murfi @KavindraOemar Bukan hanya penyebab banjir tol Jkt-Cikampek tapi semua daerah yg dilalui pembangunan proyek tsb. Tapi kalau banjir yg menimpa daerah pemukiman penduduk Pemerintah Pusat dan Pemerintah Propinsi merasa tidak dirugikan dan tidak mau tau akibat yg dirasakan masyarakat terdampaknya","1214379840356249600","","alexander_murfi","in","","0","0","0","https://x.com/AminurasyidR/status/1214379840356249600","1007881081024991232","AminurasyidR"
"1214378911779262466","Tue Jan 07 02:51:09 +0000 2020","0","Haidar Alwi Kritik Pejabat Pemerintah yang Saling Menyalahkan Soal Bencana Banjir https://t.co/yE57DKNxIn #ForumKaskus lewat @KASKUS","1214378911779262466","","","in","Jakarta","0","0","0","https://x.com/GusDinSurabaya/status/1214378911779262466","1023173417804021760","GusDinSurabaya"
"1214378158939443206","Tue Jan 07 02:48:09 +0000 2020","0","Haidar Alwi Kritik Pejabat Pemerintah Saling Menyalahkan Soal Bencana Banjir https://t.co/wTWZ9L2CEf","1214378158939443206","","","in","Jakarta","0","0","0","https://x.com/GusDinSurabaya/status/1214378158939443206","1023173417804021760","GusDinSurabaya"
"1213445032650260480","Tue Jan 07 02:45:22 +0000 2020","0","@AufsLulu @angginatalie112 @cakrabirawa_65 @RieskaAmelia4 @Hilmi28 Banjir dikemang emang rumah-rumah nya didirikan di pinggir aliran saluran air. itu membuat tindakan pencegahan dan penanggulangan bencana banjir yang dilakukan Pemerintah Provinsi DKI di Jakarta Selatan tidak bisa optimal. Saluran air tidak bisa diperlebar. Wkkw","1214377458478116865","","AufsLulu","in","","0","1","0","https://x.com/Felixsahetapy2/status/1214377458478116865","1076498615562948610","Felixsahetapy2"
"1214376557839446016","Tue Jan 07 02:41:48 +0000 2020","0","Untuk mengantisipasi cuaca ektrem di musim hujan Pemerintah Kabupaten Jeneponto mengeluarkan Surat Keputusan (SK) siaga darurat banjir dan longsor. Baca selengkapnya: https://t.co/3mjM4WDLsN","1214376557839446016","","","in","Makassar, Indonesia","0","0","0","https://x.com/terkinidotid/status/1214376557839446016","123757780","terkinidotid"
"1214374571727450112","Tue Jan 07 02:33:54 +0000 2020","0","Sahabat RPK Pemerintah Provinsi DKI Jakarta telah membahas antisipasi adanya potensi pengajuan gugatan perwakilan kelompok (class action lawsuit) terkait banjir pada 1 Januari 2020 oleh masyarakat. (Liputan6) #Obsesi #ProgramMelekHukum","1214374571727450112","","","in","INDONESIA","0","0","0","https://x.com/963RPKFM/status/1214374571727450112","399901097","963RPKFM"
"1214176280733614080","Tue Jan 07 02:09:37 +0000 2020","0","@jokowi Kondisi banjir Jakarta bukanlah sebuah musibah tapi akibat tata kelola pemerintahan yg sama sekali tidak peduli dari pada bila dikatakan gubernurnya ngak becus. Demikianlah hendaknya menjadi peringatan bagi seluruh pemerintah yg ada agar terus bisa bekerja lebih baik dan benar !","1214368460978839552","","jokowi","in","NTT. Indonesia","0","0","0","https://x.com/JoeSue15/status/1214368460978839552","991916065109098497","JoeSue15"
"1213630027775954944","Tue Jan 07 02:07:02 +0000 2020","2","@Uki23 @rizkykurnia Klo nanya naturalisasi sungai kau tanya pemerintah pusat ki. Dlu ketika banjir jkt jaman ahok...apa yg di lakukan ahok. Bertanggung jawab apa nyalahin orang? https://t.co/rZvgg4JoIf","1214367811469901825","https://pbs.twimg.com/media/ENpNFAfU8AEYRzK.jpg","Uki23","in","","0","0","0","https://x.com/AfifRajo/status/1214367811469901825","4558283658","AfifRajo"
"1214363728331722753","Tue Jan 07 01:50:49 +0000 2020","0","Akhirnya pemerintah pusat lagi yg ngurus banjir kerjaan lo apa sih Wan Abud selama ini? lo bisanya cuma menghamburkan anggaran melulu tapi kerja nol hasilnya...","1214363728331722753","","","in","Bandung","0","0","0","https://x.com/RaniWij20167222/status/1214363728331722753","1213333198291099650","RaniWij20167222"
"1214342098691883008","Tue Jan 07 01:44:14 +0000 2020","0","@tempodotco Pemerintah itu dari rakyat yang dipilih dan terpilih....melewati tahap tahapan .. Pemerintah DKI yang akan digugat oleh para korban banjir adalah saran dan pendapat yang sia sia. Yang memilih pemerintah jakarta itu 58% dari total penduduk DKI ..","1214362074345684997","","tempodotco","in","","0","0","0","https://x.com/SamuelMSiahaan2/status/1214362074345684997","1167722449837772800","SamuelMSiahaan2"
"1214361807323721728","Tue Jan 07 01:43:11 +0000 2020","0","@Jokowi : Banjir jakarta (hilir) tugas bersama antar pemerintah daerah provinsi. Tapi kenapa cebong &amp; bacin nyolotnya ke pemda jakarta doank?. https://t.co/rQYaDVpSqa","1214361807323721728","https://pbs.twimg.com/ext_tw_video_thumb/1214191279069753344/pu/img/VIKOyX1yHK6eT4rt.jpg","jokowi","in","Morocco","0","0","0","https://x.com/Nissakti/status/1214361807323721728","904580900402249728","Nissakti"
"1214357734977495040","Tue Jan 07 01:27:00 +0000 2020","3","Tamanuri berharap pemerintah lebih serius merencanakan penanganan bencana khususnya banjir sehingga resiko dampak bencana tersebut dapat dikendalikan. Selengkapnya https://t.co/oiaH8CcRA6 #NasDemAntiMahar","1214357734977495040","","","in","ÜT: -6.177799,106.843475","0","0","1","https://x.com/NasDem/status/1214357734977495040","109149190","NasDem"
"1214354608794980352","Tue Jan 07 01:14:35 +0000 2020","0","JOKOWI: Sudah Bolak-balik Saya Jelaskan Banjir Jakarta Itu Kewenangan Pemerintah Pusat https://t.co/xlv75J0OsB","1214354608794980352","","","in","Palembang","0","0","0","https://x.com/Nasrudyn/status/1214354608794980352","1346114964","Nasrudyn"
"1214262952758403072","Tue Jan 07 01:10:20 +0000 2020","0","@ustadtengkuzul Terus Banjir di Tol Ente salain Pemerintah ? Trus kalo bkn Anis di salain banjir jakarta siapa zul ?","1214353541688524800","","ustadtengkuzul","in","","0","0","0","https://x.com/EdwarFadly/status/1214353541688524800","1075480211343331328","EdwarFadly"
"1214351875572527105","Tue Jan 07 01:03:43 +0000 2020","0","Sistem peringatan dini banjir Jakarta tidak beroperasi para korban siap gugat pemerintah https://t.co/rqXeW2CTIN","1214351875572527105","","","in","","0","0","0","https://x.com/wrahadi/status/1214351875572527105","33815934","wrahadi"
"1214351197965971457","Tue Jan 07 01:01:01 +0000 2020","48","Kepada seluruh masyarakat Kota Bekasi tetap semangat &amp; yakin kita bisa bangkit bersama setelah bencana ini. Pemerintah Kota Bekasi telah mengerahkan semua aparatur utk turun ke Lapangan membantu warga yg terdampak banjir karena sdh seharusnya pemerintah hadir utk masyarakat. https://t.co/n0YOLv1bCB","1214351197965971457","https://pbs.twimg.com/ext_tw_video_thumb/1214351101773762561/pu/img/8MygLkETMO3ARMHQ.jpg","","in","Bekasi, Jawa Barat","1","19","21","https://x.com/Rahmat_Effendi_/status/1214351197965971457","4756301474","Rahmat_Effendi_"
"1214301869633204224","Tue Jan 07 01:00:30 +0000 2020","1","@BamsBulaksumur Klo masalah banjir dki langganan itu rakyatnya banyak sampah buang di kali pemerintah ngeruk pake alat berat dki itu tanahnya rendah curah hujan sedang tinggi banjir ya wajar lagian tahun ini gak separah tahun yg ono ono banjir jngn nyalahin orang liat diri sendiri aja","1214351067233652736","","","in","","0","0","0","https://x.com/Sukses48882387/status/1214351067233652736","1213636628301766656","Sukses48882387"
"1214349676515876866","Tue Jan 07 00:54:59 +0000 2020","0","mungkin maksudnya seperti ini bang @Uki23 banjir yg terjadi adalah skala nasional jadi ada baiknya masukkan dari teman2 psi ke pemerintah pusat jg","1214349676515876866","","","in","","0","0","0","https://x.com/abi_izzan/status/1214349676515876866","777590460","abi_izzan"
"1213264696381362176","Tue Jan 07 00:35:45 +0000 2020","0","@aniesbaswedan @DKIJakarta @pln_123 @dinkesJKT @DinsosDKI1 @humasjakfire @kodamjaya03 @DishubDKI_JKT @dinaslhdki @DinasSDAJakarta @aniesbaswedan kalau anggaran tidak kau pangkas dan kau lanjutkan program pemerintah pusat yg sudah dimulai oleh Gub.sblmnya kau gak perlu mengunjungi korban banjir","1214344838105055232","","aniesbaswedan","in","","0","0","0","https://x.com/BenjaminBanglor/status/1214344838105055232","2214855259","BenjaminBanglor"
"1214072210832285696","Tue Jan 07 00:28:48 +0000 2020","0","@VIVAcoid Sumber banjir berasal dari mana? Yang cerdas donk asal air dari Jabar dan Banten kenapa DKI yang dituntut gubernurnya??? Anda sehat??? Class action yg dimaksud Hotman Paris menggugat Jokowi selaku pemerintah pusat yang telah merugikan rakyatnya di seluruh Indonesia.","1214343089772359680","","VIVAcoid","in","Jakarta","0","1","0","https://x.com/ariefpitoepitoe/status/1214343089772359680","1337264545","ariefpitoepitoe"
"1214342098691883008","Tue Jan 07 00:24:52 +0000 2020","7","Kalangan pegiat lingkungan dan praktisi hukum mendorong korban banjir di Jabodetabek mengajukan gugatan bersama (class action) terhadap pemerintah. https://t.co/vIbl2DfKAK https://t.co/VLKbszQAkq","1214342098691883008","https://pbs.twimg.com/media/ENo1sP8VAAAkaB1.jpg","","in","Indonesia","1","2","5","https://x.com/tempodotco/status/1214342098691883008","18129942","tempodotco"
"1214341960133046273","Tue Jan 07 00:24:19 +0000 2020","7","Kalangan pegiat lingkungan dan praktisi hukum mendorong korban banjir di Jabodetabek mengajukan gugatan bersama (class action) terhadap pemerintah. https://t.co/FYyPrXuRdK https://t.co/Wt4pBYQ5fG","1214341960133046273","https://pbs.twimg.com/media/ENo1iCxU4AE5KqP.jpg","","in","Indonesia","0","0","3","https://x.com/korantempo/status/1214341960133046273","20963426","korantempo"
"1214341368832761857","Tue Jan 07 00:21:58 +0000 2020","0","https://t.co/lZOfjqkbPs - Pemerintah Provinsi DKI Jakarta mengaku akan melanjutkan pembangunan waduk dalam kota dalam rangka antisipasi banjir dari luapan sungai. Apalagi menurut Kepala... https://t.co/GWyHAMN6Lv","1214341368832761857","","","in","Jakarta Selatan, DKI Jakarta","0","0","0","https://x.com/Realitarakyat01/status/1214341368832761857","1103583350705479680","Realitarakyat01"
"1214340759765180416","Tue Jan 07 00:19:33 +0000 2020","6","Jakarta bakal menginisiasi pertemuan antara pemerintah pusat dan daerah untuk penanggulangan banjir di wilayah Jabodetabek. https://t.co/jf4HuWqwdt","1214340759765180416","","","in","Denpasar Selatan, Indonesia","1","1","6","https://x.com/tempometro/status/1214340759765180416","4067751979","tempometro"
"1214339620369879040","Tue Jan 07 00:15:01 +0000 2020","2","Pemerintah dan masyarakat harus memperhatikan aspek kesiapsiagaan soal banjir. https://t.co/OqeonABL7r","1214339620369879040","","","in","Jakarta, Indonesia","0","0","0","https://x.com/republikaonline/status/1214339620369879040","22126902","republikaonline"
"1214338736730734592","Tue Jan 07 00:11:30 +0000 2020","0","Hujan jangan kau salahkan ketika banjir juga didapatkan. juga tak seharusnya menyalahkan pemerintah karena tugasnya mensejahterakan yang di bumi....bukan yang dilangit. Cukup introspeksi diri dan mengambil hikmah yang sudah terjadi. Mohon ampunan serta keberkahan","1214338736730734592","","","in","","0","1","0","https://x.com/srfudin1999/status/1214338736730734592","894467960768614405","srfudin1999"
"1214338172923998208","Tue Jan 07 00:09:16 +0000 2020","0","Manuver #Anies Ini Buktikan Dia Ingin Permalukan Pemerintah Pusat Soal #Banjir https://t.co/mGKJIZk93g #moreshareforum #beritaterkini","1214338172923998208","","","in","Indonesian Forum Community","0","0","0","https://x.com/moreshare/status/1214338172923998208","71512327","moreshare"
"1214337579769679874","Tue Jan 07 00:06:54 +0000 2020","64","Hahahha...runtuh narasi Buzzer.. Faktanya banjir Jakarta yaa krn kawasan Puncak yg seharusnya jd daerah resevoir justru jd pemukiman villa2 dan hotel mewah serta wisma2 pemerintah Padahal ada 3 Perpres ttg larangan membangun di Bopunjur (Bogor Puncak Cianjur)","1214337579769679874","","","in","Weltevreden","3","3","19","https://x.com/dusrimulya/status/1214337579769679874","164778726","dusrimulya"
"1214335924131291138","Tue Jan 07 00:00:20 +0000 2020","4","Anggaran penanggulangan banjir yang dialokasikan pemerintah DKI Jakarta ke Dinas Sumber Daya Air (SDA) terus menurun sejak 2017-2020. Rinciannya: 2017 (Rp3 12 triliun) 2018 (Rp2 triliun) 2019 (Rp1 75 triliun) 2020 (Rp1 48 triliun) #WaktunyaLokadata https://t.co/V9VHN19bdz","1214335924131291138","","","in","Jakarta Capital Region","0","0","4","https://x.com/LokadataID/status/1214335924131291138","17588443","LokadataID"
"1214335829318877184","Mon Jan 06 23:59:57 +0000 2020","0","Bantuan untuk korban bencana banjir bandang di Kabupaten Kepulauan Sangihe dari Pemprov Sulut kembali mendarat di wilayah terdampak tersebut. Penanganan pasca bencana terus dilakukan bersama pemerintah setempat. #ManadoPost #WWP","1214335829318877184","","","in","Kota Manado, Sulawesi Utara","0","0","0","https://x.com/cosmofemalefm/status/1214335829318877184","313170058","cosmofemalefm"
"1214334019740958720","Mon Jan 06 23:52:46 +0000 2020","1","Simak #RedaksiKompasBicara bahas ttg: 1. Upaya pemerintah Indonesia menanggapi kehadiran kapal2 China di ZEE Natuna Utara? 2. Penyaluran bantuan ke pengungsi bencana banjir &amp; longsor di Kab.Bogor Jawa Barat &amp; Kab.Lebak Banten Pk.07.10 wib brsm @hariankompas di #SonoraNetwork https://t.co/6KQNmH6T7S","1214334019740958720","https://pbs.twimg.com/media/ENouUqKUwAIyNBJ.jpg","","in","Jakarta Barat, DKI Jakarta","0","0","1","https://x.com/SonoraFM92/status/1214334019740958720","180696019","SonoraFM92"
"1214331941295575040","Mon Jan 06 23:44:30 +0000 2020","0","Jakarta banjir warga nya sibuk menyalahkan pemerintah.. seharus kita bersyukur masih deberi peringatan yg tak seberapa.. murka allah sama jakart karena olah pendosa dosa meraja rela..","1214331941295575040","","","in","Indonesia","0","0","0","https://x.com/aldo83195542/status/1214331941295575040","4198670834","aldo83195542"
"1212977540169469952","Mon Jan 06 23:27:45 +0000 2020","1","@Dennysiregar7 @anisbaswedan Yth Pak Anis akibat banjir banyak barang saya yg rusak hancur parah sampai hari ini belum ada bantuan dr pemerintah pusat &amp;daerah untuk wilayah tempat tinggal saya khususnya utk saya. Bantuan uang kek untuk mengganti barang yg rusak dan hancur cc. @jokowi","1214327725529260037","","Dennysiregar7","in","Jakarta & Bks, Indonesia🇮🇩","0","0","1","https://x.com/AudryRibka/status/1214327725529260037","1103671691228569600","AudryRibka"
"1214327087219146752","Mon Jan 06 23:25:13 +0000 2020","0","Bagus instruksinya bang. Efek banjir kemaren masih banyak. Salah satunya di Bekasi sisa lumpur sebetis butuh bantuan mberesinya. Bagus kalau pemerintah mau turun tangan. Semoga intruksi ini beneran dijalankan bukan pepesan kosong atau angin surga seperti biasa.","1214327087219146752","","","in","Indonesia saya cinta","0","0","0","https://x.com/adundedy/status/1214327087219146752","107632843","adundedy"
"1214325099970453504","Mon Jan 06 23:17:19 +0000 2020","2","Baru balik dari kunjungin si rizieq ente minta jgn nyinyir banjir trus ngajak evaluasi emang elo sdh kerja apaan selain nyinyirin pemerintah. #AniesBeliBeritaMediaOnline #AniesGakBisaKerja #GubernurTerbodoh","1214325099970453504","","","in","","0","0","0","https://x.com/Krutoi68/status/1214325099970453504","1212395301572448258","Krutoi68"
